temperature,g_min
25,10.2361028810461
30,10.6699746583511
35,11.2274878939569
40,11.8481629054818
45,15.5628232862737
50,20.3421836913571
55,25
60,32
